<?xml version='1.0' encoding='utf-8' ?>

<results>
  <test name='C:\tdvt2\tdvt\logicaltests/setup/staples\setup.BUGS.B24394.sqream.xml'>
    <sql>
      SELECT CAST(DATEPART(week, [Staples].[Ship Date]) AS INTEGER) AS [DATEPART(&apos;week&apos;,Ship Date)],&#10;  TRUNC([Staples].[Ship Date]::DATETIME, week) AS [DATETRUNC(&apos;week&apos;,Ship Date)],&#10;  [Staples].[Ship Date] AS [Ship Date],&#10;  CAST(DATEPART(weekday, [Staples].[Ship Date]) AS INTEGER) AS [wd:Ship Date:ok]&#10;FROM [public].[staples] [Staples]&#10;WHERE (CAST([Staples].[Ship Date] AS TIMESTAMP) &lt;= {ts &apos;1997-02-01 00:00:00&apos;})&#10;GROUP BY 1,&#10;  2,&#10;  3,&#10;  4
    </sql>
    <query-time>
      1927.000
    </query-time>
    <table>
      <schema>
        <column>[Staples.sqream].[DATEPART(&apos;week&apos;,Ship Date)]</column>
        <column>[Staples.sqream].[DATETRUNC(&apos;week&apos;,Ship Date)]</column>
        <column>[Staples.sqream].[Ship Date]</column>
        <column>[Staples.sqream].[wd:Ship Date:ok]</column>
      </schema>
      <tuple>
        <value>1</value>
        <value>#1996-12-29 00:00:00#</value>
        <value>#1997-01-01#</value>
        <value>4</value>
      </tuple>
      <tuple>
        <value>1</value>
        <value>#1996-12-29 00:00:00#</value>
        <value>#1997-01-02#</value>
        <value>5</value>
      </tuple>
      <tuple>
        <value>1</value>
        <value>#1996-12-29 00:00:00#</value>
        <value>#1997-01-03#</value>
        <value>6</value>
      </tuple>
      <tuple>
        <value>1</value>
        <value>#1996-12-29 00:00:00#</value>
        <value>#1997-01-04#</value>
        <value>7</value>
      </tuple>
      <tuple>
        <value>2</value>
        <value>#1997-01-05 00:00:00#</value>
        <value>#1997-01-05#</value>
        <value>1</value>
      </tuple>
      <tuple>
        <value>2</value>
        <value>#1997-01-05 00:00:00#</value>
        <value>#1997-01-06#</value>
        <value>2</value>
      </tuple>
      <tuple>
        <value>2</value>
        <value>#1997-01-05 00:00:00#</value>
        <value>#1997-01-07#</value>
        <value>3</value>
      </tuple>
      <tuple>
        <value>2</value>
        <value>#1997-01-05 00:00:00#</value>
        <value>#1997-01-08#</value>
        <value>4</value>
      </tuple>
      <tuple>
        <value>2</value>
        <value>#1997-01-05 00:00:00#</value>
        <value>#1997-01-09#</value>
        <value>5</value>
      </tuple>
      <tuple>
        <value>2</value>
        <value>#1997-01-05 00:00:00#</value>
        <value>#1997-01-10#</value>
        <value>6</value>
      </tuple>
      <tuple>
        <value>2</value>
        <value>#1997-01-05 00:00:00#</value>
        <value>#1997-01-11#</value>
        <value>7</value>
      </tuple>
      <tuple>
        <value>3</value>
        <value>#1997-01-12 00:00:00#</value>
        <value>#1997-01-12#</value>
        <value>1</value>
      </tuple>
      <tuple>
        <value>3</value>
        <value>#1997-01-12 00:00:00#</value>
        <value>#1997-01-13#</value>
        <value>2</value>
      </tuple>
      <tuple>
        <value>3</value>
        <value>#1997-01-12 00:00:00#</value>
        <value>#1997-01-14#</value>
        <value>3</value>
      </tuple>
      <tuple>
        <value>3</value>
        <value>#1997-01-12 00:00:00#</value>
        <value>#1997-01-15#</value>
        <value>4</value>
      </tuple>
      <tuple>
        <value>3</value>
        <value>#1997-01-12 00:00:00#</value>
        <value>#1997-01-16#</value>
        <value>5</value>
      </tuple>
      <tuple>
        <value>3</value>
        <value>#1997-01-12 00:00:00#</value>
        <value>#1997-01-17#</value>
        <value>6</value>
      </tuple>
      <tuple>
        <value>3</value>
        <value>#1997-01-12 00:00:00#</value>
        <value>#1997-01-18#</value>
        <value>7</value>
      </tuple>
      <tuple>
        <value>4</value>
        <value>#1997-01-19 00:00:00#</value>
        <value>#1997-01-19#</value>
        <value>1</value>
      </tuple>
      <tuple>
        <value>4</value>
        <value>#1997-01-19 00:00:00#</value>
        <value>#1997-01-20#</value>
        <value>2</value>
      </tuple>
      <tuple>
        <value>4</value>
        <value>#1997-01-19 00:00:00#</value>
        <value>#1997-01-21#</value>
        <value>3</value>
      </tuple>
      <tuple>
        <value>4</value>
        <value>#1997-01-19 00:00:00#</value>
        <value>#1997-01-22#</value>
        <value>4</value>
      </tuple>
      <tuple>
        <value>4</value>
        <value>#1997-01-19 00:00:00#</value>
        <value>#1997-01-23#</value>
        <value>5</value>
      </tuple>
      <tuple>
        <value>4</value>
        <value>#1997-01-19 00:00:00#</value>
        <value>#1997-01-24#</value>
        <value>6</value>
      </tuple>
      <tuple>
        <value>4</value>
        <value>#1997-01-19 00:00:00#</value>
        <value>#1997-01-25#</value>
        <value>7</value>
      </tuple>
      <tuple>
        <value>5</value>
        <value>#1997-01-26 00:00:00#</value>
        <value>#1997-01-26#</value>
        <value>1</value>
      </tuple>
      <tuple>
        <value>5</value>
        <value>#1997-01-26 00:00:00#</value>
        <value>#1997-01-27#</value>
        <value>2</value>
      </tuple>
      <tuple>
        <value>5</value>
        <value>#1997-01-26 00:00:00#</value>
        <value>#1997-01-28#</value>
        <value>3</value>
      </tuple>
      <tuple>
        <value>5</value>
        <value>#1997-01-26 00:00:00#</value>
        <value>#1997-01-29#</value>
        <value>4</value>
      </tuple>
      <tuple>
        <value>5</value>
        <value>#1997-01-26 00:00:00#</value>
        <value>#1997-01-30#</value>
        <value>5</value>
      </tuple>
      <tuple>
        <value>5</value>
        <value>#1997-01-26 00:00:00#</value>
        <value>#1997-01-31#</value>
        <value>6</value>
      </tuple>
      <tuple>
        <value>5</value>
        <value>#1997-01-26 00:00:00#</value>
        <value>#1997-02-01#</value>
        <value>7</value>
      </tuple>
    </table>
  </test>
</results>
