<?xml version='1.0' encoding='utf-8' ?>

<results>
  <test name='C:\tdvt2\tdvt\logicaltests/setup/staples\setup.Query.HideEmptyRows.sqream.xml'>
    <sql>
      SELECT [Staples].[Employee Name] AS [Employee Name],&#10;  AVG([Staples].[Employee Salary]) AS [avg:Employee Salary:ok]&#10;FROM [public].[staples] [Staples]&#10;  INNER JOIN (&#10;  SELECT [Staples].[Call Center Region] AS [Call Center Region],&#10;    [Staples].[Employee Name] AS [Employee Name]&#10;  FROM [public].[staples] [Staples]&#10;  GROUP BY 1,&#10;    2&#10;  HAVING ((AVG([Staples].[Employee Salary]) &gt;= 102499.99999999898) AND (AVG([Staples].[Employee Salary]) &lt;= 110000.00000000111))&#10;) [t0] ON (([Staples].[Call Center Region] = [t0].[Call Center Region]) AND ([Staples].[Employee Name] = [t0].[Employee Name]))&#10;GROUP BY 1
    </sql>
    <query-time>
      4957.000
    </query-time>
    <table>
      <schema>
        <column>[Staples.sqream].[Employee Name]</column>
        <column>[Staples.sqream].[avg:Employee Salary:ok]</column>
      </schema>
      <tuple>
        <value>&quot;Adam Haberlach&quot;</value>
        <value>104406.0</value>
      </tuple>
      <tuple>
        <value>&quot;Alok Kapoor&quot;</value>
        <value>102923.0</value>
      </tuple>
      <tuple>
        <value>&quot;Baton Rouge Alumnae&quot;</value>
        <value>102540.0</value>
      </tuple>
      <tuple>
        <value>&quot;Bob Pennefather&quot;</value>
        <value>103617.0</value>
      </tuple>
      <tuple>
        <value>&quot;Carpenter, Jill&quot;</value>
        <value>104224.0</value>
      </tuple>
      <tuple>
        <value>&quot;Charles A.W. Adams&quot;</value>
        <value>102605.0</value>
      </tuple>
      <tuple>
        <value>&quot;Clayton, Nancy&quot;</value>
        <value>103864.0</value>
      </tuple>
      <tuple>
        <value>&quot;Colleen Hurwitz&quot;</value>
        <value>103907.0</value>
      </tuple>
      <tuple>
        <value>&quot;Collins, Babs&quot;</value>
        <value>102752.0</value>
      </tuple>
      <tuple>
        <value>&quot;Daniel Champ&quot;</value>
        <value>104913.0</value>
      </tuple>
      <tuple>
        <value>&quot;Ellis, Elaine&quot;</value>
        <value>104452.0</value>
      </tuple>
      <tuple>
        <value>&quot;Eric Jones&quot;</value>
        <value>103790.0</value>
      </tuple>
      <tuple>
        <value>&quot;Eric Landry&quot;</value>
        <value>102914.0</value>
      </tuple>
      <tuple>
        <value>&quot;Faris, Marilyn&quot;</value>
        <value>103882.0</value>
      </tuple>
      <tuple>
        <value>&quot;G.P Pandey&quot;</value>
        <value>102542.0</value>
      </tuple>
      <tuple>
        <value>&quot;Galen Kountz&quot;</value>
        <value>103561.0</value>
      </tuple>
      <tuple>
        <value>&quot;Gerardo Colmenar&quot;</value>
        <value>104186.0</value>
      </tuple>
      <tuple>
        <value>&quot;Jones, Melody&quot;</value>
        <value>104832.0</value>
      </tuple>
      <tuple>
        <value>&quot;Kathryn Blackmer-Reyes&quot;</value>
        <value>104591.0</value>
      </tuple>
      <tuple>
        <value>&quot;Linda Arce&quot;</value>
        <value>102623.0</value>
      </tuple>
      <tuple>
        <value>&quot;MacCallum, Joan&quot;</value>
        <value>103324.0</value>
      </tuple>
      <tuple>
        <value>&quot;Matthew Ruzicka&quot;</value>
        <value>104509.0</value>
      </tuple>
      <tuple>
        <value>&quot;Michael J. Jacobs&quot;</value>
        <value>103600.0</value>
      </tuple>
      <tuple>
        <value>&quot;Peacock, Margaret&quot;</value>
        <value>102973.0</value>
      </tuple>
      <tuple>
        <value>&quot;Philippe Sauvageau&quot;</value>
        <value>102835.0</value>
      </tuple>
      <tuple>
        <value>&quot;Pradeep S Mehta&quot;</value>
        <value>104569.0</value>
      </tuple>
      <tuple>
        <value>&quot;Purkey, Jan&quot;</value>
        <value>104677.0</value>
      </tuple>
      <tuple>
        <value>&quot;Ransbury, Wendy&quot;</value>
        <value>104897.0</value>
      </tuple>
      <tuple>
        <value>&quot;Rosenzweig, Loren&quot;</value>
        <value>104362.0</value>
      </tuple>
      <tuple>
        <value>&quot;Rudisill, Martha&quot;</value>
        <value>103619.0</value>
      </tuple>
      <tuple>
        <value>&quot;Sharp, Mary Jane&quot;</value>
        <value>103281.0</value>
      </tuple>
      <tuple>
        <value>&quot;Stevenson, Carol&quot;</value>
        <value>104287.0</value>
      </tuple>
      <tuple>
        <value>&quot;Suzanne LafreniÃ¨re&quot;</value>
        <value>103442.0</value>
      </tuple>
    </table>
  </test>
</results>
