<?xml version='1.0' encoding='utf-8' ?>

<results>
  <test name='C:\tdvt2\tdvt\logicaltests/setup/staples\setup.BUGS.B340.sqream.xml'>
    <sql>
      SELECT [Staples].[Call Center Region] AS [Call Center Region],&#10;  [Staples].[Customer Name] AS [Customer Name],&#10;  SUM([Staples].[Customer Balance]) AS [sum:Customer Balance:ok]&#10;FROM [public].[staples] [Staples]&#10;  INNER JOIN (&#10;  SELECT TOP 10 [Staples].[Customer Name] AS [Customer Name],&#10;    SUM([Staples].[Customer Balance]) AS [$__alias__0]&#10;  FROM [public].[staples] [Staples]&#10;  GROUP BY 1&#10;  ORDER BY 2 DESC&#10;) [t0] ON ([Staples].[Customer Name] = [t0].[Customer Name])&#10;GROUP BY 1,&#10;  2&#10;HAVING ((SUM([Staples].[Customer Balance]) &gt;= 999999.99999998999) AND (SUM([Staples].[Customer Balance]) &lt;= 3186976.0000000317))
    </sql>
    <query-time>
      124.000
    </query-time>
    <error>
      [SQream DB Server][UltraLight] (1050) ..\SQream-cpp-connector.cc:1412 in sqream::new_query_execute(): ..\SQream-cpp-connector.cc:333 in sqream::connector::prepare_statement() returned error from SQream: Unsupported character &apos;$&apos;  in identifier: &quot;$__alias__0&quot;&#10;Quoted identifiers cannot contain the character &apos;$&apos;.&#10;Quoted identifiers may contain any ASCII character with code between 32 and 126 except for:&#10;  - @&#10;  - $&#10;  - &quot;&#10;&#10;Error at Sql phase during Convert&#10;$__alias__0&#10;haskell/basic_lib/Database/Sqream/Sql/ParseSql.lhs:164:27-33&#10;haskell/compiler/Database/Sqream/Compile/Compile.lhs:274:22-34&#10;
    </error>
    <error-type>
      Unknown
    </error-type>
    <table>
    </table>
  </test>
</results>
