<?xml version='1.0' encoding='utf-8' ?>

<results>
  <test name='C:\tdvt2\tdvt\logicaltests/setup/calcs\setup.BUGS.B1713.sqream.xml'>
    <sql>
      SELECT [Calcs].[str0] AS [str0]&#10;FROM [public].[calcs] [Calcs]&#10;  INNER JOIN (&#10;  SELECT TOP 2 [Calcs].[str0] AS [str0],&#10;    SUM([Calcs].[int2]) AS [$__alias__0]&#10;  FROM [public].[calcs] [Calcs]&#10;  WHERE (([Calcs].[str0] &gt;= &apos;FURNITURE&apos;) AND ([Calcs].[str0] &lt;= &apos;TECHNOLOGY&apos;))&#10;  GROUP BY 1&#10;  ORDER BY 2 DESC&#10;) [t0] ON ([Calcs].[str0] = [t0].[str0])&#10;  INNER JOIN (&#10;  SELECT TOP 5 [Calcs].[str1] AS [str1],&#10;    SUM([Calcs].[int1]) AS [$__alias__1]&#10;  FROM [public].[calcs] [Calcs]&#10;  WHERE ((([Calcs].[str1] &gt;= &apos;AIR PURIFIERS&apos;) AND ([Calcs].[str1] &lt;= &apos;CD-R MEDIA&apos;)) OR (([Calcs].[str1] &gt;= &apos;CONFERENCE PHONES&apos;) AND ([Calcs].[str1] &lt;= &apos;ERICSSON&apos;)))&#10;  GROUP BY 1&#10;  ORDER BY 2 DESC&#10;) [t1] ON ([Calcs].[str1] = [t1].[str1])&#10;GROUP BY 1
    </sql>
    <query-time>
      180.000
    </query-time>
    <error>
      [SQream DB Server][UltraLight] (1050) ..\SQream-cpp-connector.cc:1412 in sqream::new_query_execute(): ..\SQream-cpp-connector.cc:333 in sqream::connector::prepare_statement() returned error from SQream: Unsupported character &apos;$&apos;  in identifier: &quot;$__alias__0&quot;&#10;Quoted identifiers cannot contain the character &apos;$&apos;.&#10;Quoted identifiers may contain any ASCII character with code between 32 and 126 except for:&#10;  - @&#10;  - $&#10;  - &quot;&#10;&#10;Error at Sql phase during Convert&#10;$__alias__0&#10;haskell/basic_lib/Database/Sqream/Sql/ParseSql.lhs:164:27-33&#10;haskell/compiler/Database/Sqream/Compile/Compile.lhs:274:22-34&#10;
    </error>
    <error-type>
      Unknown
    </error-type>
    <table>
    </table>
  </test>
</results>
