<?xml version='1.0' encoding='utf-8' ?>

<results>
  <test name='C:\tdvt2\tdvt\logicaltests/setup/lod\setup.lod.12_As in-out Set.sqream.xml'>
    <sql>
      SELECT [t0].[LOD - Fixed - 1 (copy 2)] AS [LOD - Fixed - 1 (copy 2)]&#10;FROM (&#10;  SELECT [Staples].[Customer Name] AS [Customer Name],&#10;    MIN([Staples].[Order Date]) AS [__measure__0],&#10;    MIN([Staples].[Order Date]) AS [LOD - Fixed - 1 (copy 2)]&#10;  FROM [public].[staples] [Staples]&#10;  GROUP BY 1&#10;) [t0]&#10;GROUP BY 1&#10;ORDER BY 1 ASC
    </sql>
    <query-time>
      1731.000
    </query-time>
    <table>
      <schema>
        <column>[Staples.sqream].[LOD - Fixed - 1 (copy 2)]</column>
      </schema>
      <tuple>
        <value>#1997-01-01#</value>
      </tuple>
      <tuple>
        <value>#1997-01-02#</value>
      </tuple>
      <tuple>
        <value>#1997-01-03#</value>
      </tuple>
      <tuple>
        <value>#1997-01-04#</value>
      </tuple>
      <tuple>
        <value>#1997-01-05#</value>
      </tuple>
      <tuple>
        <value>#1997-01-06#</value>
      </tuple>
      <tuple>
        <value>#1997-01-07#</value>
      </tuple>
      <tuple>
        <value>#1997-01-08#</value>
      </tuple>
      <tuple>
        <value>#1997-01-09#</value>
      </tuple>
      <tuple>
        <value>#1997-01-10#</value>
      </tuple>
      <tuple>
        <value>#1997-01-11#</value>
      </tuple>
      <tuple>
        <value>#1997-01-12#</value>
      </tuple>
      <tuple>
        <value>#1997-01-13#</value>
      </tuple>
      <tuple>
        <value>#1997-01-14#</value>
      </tuple>
      <tuple>
        <value>#1997-01-15#</value>
      </tuple>
      <tuple>
        <value>#1997-01-17#</value>
      </tuple>
      <tuple>
        <value>#1997-01-18#</value>
      </tuple>
      <tuple>
        <value>#1997-01-19#</value>
      </tuple>
      <tuple>
        <value>#1997-01-20#</value>
      </tuple>
      <tuple>
        <value>#1997-01-21#</value>
      </tuple>
      <tuple>
        <value>#1997-01-23#</value>
      </tuple>
      <tuple>
        <value>#1997-01-24#</value>
      </tuple>
      <tuple>
        <value>#1997-01-26#</value>
      </tuple>
      <tuple>
        <value>#1997-01-28#</value>
      </tuple>
      <tuple>
        <value>#1997-01-31#</value>
      </tuple>
      <tuple>
        <value>#1997-02-02#</value>
      </tuple>
      <tuple>
        <value>#1997-02-10#</value>
      </tuple>
    </table>
  </test>
</results>
