<?xml version='1.0' encoding='utf-8' ?>

<results>
  <test name='C:\tdvt2\tdvt\logicaltests/setup/lod\setup.lod.calc.5.LOD Set.sqream.xml'>
    <sql>
      SELECT [t0].[Calculation_4190203111004094] AS [Calculation_4190203111004094],&#10;  (CASE&#10;&#9;WHEN [t0].[io:Set 1:nk] THEN 1&#10;&#9;WHEN NOT [t0].[io:Set 1:nk] THEN 0&#10;&#9;ELSE NULL END) AS [io:Set 1:nk]&#10;FROM (&#10;  SELECT [Staples].[Market Segment] AS [Market Segment],&#10;    SUM([Staples].[Item Count]) AS [__measure__0],&#10;    SUM([Staples].[Item Count]) AS [Calculation_4190203111004094],&#10;    0 AS [io:Set 1:nk]&#10;  FROM [public].[staples] [Staples]&#10;  GROUP BY 1&#10;) [t0]&#10;GROUP BY 1,&#10;  2
    </sql>
    <query-time>
      138.000
    </query-time>
    <error-type>
      Unknown
    </error-type>
    <table>
    </table>
  </test>
</results>
