<?xml version='1.0' encoding='utf-8' ?>

<results>
  <test name='C:\tdvt2\tdvt\logicaltests/setup/lod\setup.lod.14_As in-out Set.sqream.xml'>
    <sql>
      SELECT [t8].[__measure__3] AS [avg:Calculation_4621225004123988:ok],&#10;  [t3].[io:Set 1:nk] AS [io:Set 1:nk],&#10;  [t3].[sum:Sales Total:ok] AS [sum:Sales Total:ok]&#10;FROM (&#10;  SELECT (NOT ([t2].[XTableau_join_flag] IS NULL)) AS [io:Set 1:nk],&#10;    SUM([Staples].[Sales Total]) AS [sum:Sales Total:ok]&#10;  FROM [public].[staples] [Staples]&#10;    INNER JOIN (&#10;    SELECT [Staples].[Customer Name] AS [Customer Name],&#10;      MIN([Staples].[Order Date]) AS [__measure__0]&#10;    FROM [public].[staples] [Staples]&#10;    GROUP BY 1&#10;  ) [t0] ON (([Staples].[Customer Name] = [t0].[Customer Name]) OR (([Staples].[Customer Name] IS NULL) AND ([t0].[Customer Name] IS NULL)))&#10;    LEFT JOIN (&#10;    SELECT [t1].[__measure__0] AS [none:LOD - Fixed - 1 (copy 2):ok],&#10;      SUM(1) AS [XTableau_join_flag]&#10;    FROM [public].[staples] [Staples]&#10;      INNER JOIN (&#10;      SELECT [Staples].[Customer Name] AS [Customer Name],&#10;        MIN([Staples].[Order Date]) AS [__measure__0]&#10;      FROM [public].[staples] [Staples]&#10;      GROUP BY 1&#10;    ) [t1] ON (([Staples].[Customer Name] = [t1].[Customer Name]) OR (([Staples].[Customer Name] IS NULL) AND ([t1].[Customer Name] IS NULL)))&#10;    WHERE (NOT ([t1].[__measure__0] IN ({ts &apos;1997-01-03 00:00:00&apos;}, {ts &apos;1997-01-07 00:00:00&apos;}, {ts &apos;1997-01-11 00:00:00&apos;})))&#10;    GROUP BY 1&#10;  ) [t2] ON (([t0].[__measure__0] = [t2].[none:LOD - Fixed - 1 (copy 2):ok]) OR (([t0].[__measure__0] IS NULL) AND ([t2].[none:LOD - Fixed - 1 (copy 2):ok] IS NULL)))&#10;  GROUP BY 1&#10;) [t3]&#10;  INNER JOIN (&#10;  SELECT (CASE&#10;  &#9;WHEN [t7].[io:Set 1:nk] THEN 1&#10;  &#9;WHEN NOT [t7].[io:Set 1:nk] THEN 0&#10;  &#9;ELSE NULL END) AS [io:Set 1:nk],&#10;    AVG([t7].[__measure__2]) AS [__measure__3]&#10;  FROM (&#10;    SELECT [Staples].[Prod Type1] AS [Prod Type1],&#10;      (NOT ([t6].[XTableau_join_flag] IS NULL)) AS [io:Set 1:nk],&#10;      SUM([Staples].[Sales Total]) AS [__measure__2]&#10;    FROM [public].[staples] [Staples]&#10;      INNER JOIN (&#10;      SELECT [Staples].[Customer Name] AS [Customer Name],&#10;        MIN([Staples].[Order Date]) AS [__measure__0]&#10;      FROM [public].[staples] [Staples]&#10;      GROUP BY 1&#10;    ) [t4] ON (([Staples].[Customer Name] = [t4].[Customer Name]) OR (([Staples].[Customer Name] IS NULL) AND ([t4].[Customer Name] IS NULL)))&#10;      LEFT JOIN (&#10;      SELECT [t5].[__measure__0] AS [none:LOD - Fixed - 1 (copy 2):ok],&#10;        SUM(1) AS [XTableau_join_flag]&#10;      FROM [public].[staples] [Staples]&#10;        INNER JOIN (&#10;        SELECT [Staples].[Customer Name] AS [Customer Name],&#10;          MIN([Staples].[Order Date]) AS [__measure__0]&#10;        FROM [public].[staples] [Staples]&#10;        GROUP BY 1&#10;      ) [t5] ON (([Staples].[Customer Name] = [t5].[Customer Name]) OR (([Staples].[Customer Name] IS NULL) AND ([t5].[Customer Name] IS NULL)))&#10;      WHERE (NOT ([t5].[__measure__0] IN ({ts &apos;1997-01-03 00:00:00&apos;}, {ts &apos;1997-01-07 00:00:00&apos;}, {ts &apos;1997-01-11 00:00:00&apos;})))&#10;      GROUP BY 1&#10;    ) [t6] ON (([t4].[__measure__0] = [t6].[none:LOD - Fixed - 1 (copy 2):ok]) OR (([t4].[__measure__0] IS NULL) AND ([t6].[none:LOD - Fixed - 1 (copy 2):ok] IS NULL)))&#10;    GROUP BY 1,&#10;      2&#10;  ) [t7]&#10;  GROUP BY 1&#10;) [t8] ON ((CASE&#10;&#9;WHEN [t3].[io:Set 1:nk] THEN 1&#10;&#9;WHEN NOT [t3].[io:Set 1:nk] THEN 0&#10;&#9;ELSE NULL END) = (CASE&#10;&#9;WHEN [t8].[io:Set 1:nk] THEN 1&#10;&#9;WHEN NOT [t8].[io:Set 1:nk] THEN 0&#10;&#9;ELSE NULL END))
    </sql>
    <query-time>
      11215.000
    </query-time>
    <error-type>
      Unknown
    </error-type>
    <table>
    </table>
  </test>
</results>
