<?xml version='1.0' encoding='utf-8' ?>

<results>
  <test name='C:\tdvt2\tdvt\logicaltests/setup/lod\setup.lod.calc.1.TopN.sqream.xml'>
    <sql>
      SELECT [Staples].[Prod Type2] AS [Prod Type2],&#10;  CAST(FLOOR(SUM([Staples].[Sales Total])) AS BIGINT) AS [sum:Sales Total:ok]&#10;FROM [public].[staples] [Staples]&#10;  INNER JOIN (&#10;  SELECT TOP 2 [t0].[Market Segment] AS [Market Segment],&#10;    SUM([t0].[__measure__1]) AS [$__alias__0]&#10;  FROM (&#10;    SELECT [Staples].[Market Segment] AS [Market Segment],&#10;      [Staples].[Prod Type1] AS [Prod Type1],&#10;      SUM([Staples].[Sales Total]) AS [__measure__1]&#10;    FROM [public].[staples] [Staples]&#10;    GROUP BY 1,&#10;      2&#10;  ) [t0]&#10;  GROUP BY 1&#10;  ORDER BY 2 DESC&#10;) [t1] ON ([Staples].[Market Segment] = [t1].[Market Segment])&#10;GROUP BY 1
    </sql>
    <query-time>
      58.000
    </query-time>
    <error>
      [SQream DB Server][UltraLight] (1050) ..\SQream-cpp-connector.cc:1412 in sqream::new_query_execute(): ..\SQream-cpp-connector.cc:333 in sqream::connector::prepare_statement() returned error from SQream: Unsupported character &apos;$&apos;  in identifier: &quot;$__alias__0&quot;&#10;Quoted identifiers cannot contain the character &apos;$&apos;.&#10;Quoted identifiers may contain any ASCII character with code between 32 and 126 except for:&#10;  - @&#10;  - $&#10;  - &quot;&#10;&#10;Error at Sql phase during Convert&#10;$__alias__0&#10;haskell/basic_lib/Database/Sqream/Sql/ParseSql.lhs:164:27-33&#10;haskell/compiler/Database/Sqream/Compile/Compile.lhs:274:22-34&#10;
    </error>
    <error-type>
      Unknown
    </error-type>
    <table>
    </table>
  </test>
</results>
